{"cameraMode":{"drawMode":0,"name":"Shaded","section":"Shading Mode"},"sceneLighting":true,"audioPlay":false,"sceneViewState":{"showFog":true,"showMaterialUpdate":false,"showSkybox":true,"showFlares":true,"showImageEffects":true,"showParticleSystems":true},"in2DMode":false,"pivot":{"x":-15.899999618530274,"y":1.682356357574463,"z":0.0599999874830246},"rotation":{"x":-0.06961102038621903,"y":-0.6983948945999146,"z":0.06856658309698105,"w":-0.7090116739273071},"size":0.04001085087656975,"orthographic":false}