{"cameraMode":{"drawMode":0,"name":"Shaded","section":"Shading Mode"},"sceneLighting":true,"audioPlay":false,"sceneViewState":{"showFog":true,"showMaterialUpdate":false,"showSkybox":true,"showFlares":true,"showImageEffects":true,"showParticleSystems":true},"in2DMode":false,"pivot":{"x":-1.1607921123504639,"y":-13.267987251281739,"z":8.608047485351563},"rotation":{"x":-0.36233821511268618,"y":0.01313758548349142,"z":-0.005108965560793877,"w":-0.9319400787353516},"size":40.55257797241211,"orthographic":false}